0,1,2,3,4,5,6,7,8,9
1.2850402082033252,0.24105115598201232,1.5145988989783512,-1.9115668813927322,0.9746694687021773,0.2760098275755756,0.12472217470714364,-1.874653988253951,0.4083803401887369,0.6730222534817349
0.24171834979546958,4.055215850064303,-0.49954446192125657,-0.09345254647434897,-0.2855031922054747,0.6193500254841466,0.045374850238947495,0.9515221335396515,-1.200009942421445,-0.06106111648413437
3.251759955833064,1.0275655251502078,-0.9758631643928698,0.3028460726547122,0.3832854615751493,1.0071327966966983,0.31660917831637847,-0.3824277389444709,0.7184894025740904,-0.2525948269257432
-1.6775780741950914,-0.7317863714702182,-0.3415522334648351,-0.9522374420877264,1.4232528509607356,-1.9971305843469074,2.463397965733158,0.4033311205711485,0.45329111227701824,0.5015866385954197
-2.3421710388267463,-0.6329541834815271,0.49008063844185235,-0.567104273918666,1.6511225764225357,0.40166146195950764,0.5841349213589323,-0.04982500582689098,-0.2089682012627594,-0.3599335897276925
-2.354834645566699,-0.702568087816811,0.21496529468109127,-0.4609282664453762,-0.7297827032482271,-0.015759661215315024,0.5977099005281794,-0.6051576432164392,0.758841132688775,-0.5069364370426102
-0.2840596848463335,2.8890351775641787,-0.4126455528810391,-0.34713272268137185,1.110380327639102,-0.27146123159338864,1.7939387959971969,0.627373695090083,1.0073571727021722,0.8004204216335269
-1.7778575988988363,0.6248854607683012,0.028331305976107113,1.7282122715762887,-1.0579851800190867,-1.7865621042011341,0.0431841716561554,0.0664719259114881,0.5680047551420668,-0.27931527080155605
2.5246722602156844,0.19993913730199797,0.26885164508409964,0.5985779874141084,0.3633591140138168,0.5557395959397846,-0.36890673435190946,-0.09594765784943493,0.833193106982044,0.1778357873120049
2.6892136294965416,-0.4402712354179088,-0.03970777839395945,-0.8604872217799449,2.044533156338775,-0.521332410871526,0.03076110542153243,0.31898281117251526,0.9828896023179337,0.503955365123461
1.0323981038749501,-1.140407901569238,-0.3926933757359622,-0.7178499222250404,-0.6038008624296035,-0.23897890672608518,-1.0797859798414866,0.7014187044338649,0.5397224114167967,0.42779739117678584
-1.6927903160914726,1.2300499926606623,1.1219646624920934,-0.2622561428403858,0.8081242480055095,-0.4805368347865657,0.02843588350180859,-0.9394454719404858,-0.08470860393797874,0.3168114207288206
1.354333438931306,0.07557527572267952,0.40882608035181167,0.4658896313037548,0.4562994846593662,0.7272538591108086,-0.3906668340227524,-0.4020196932190694,-0.3406821960354447,0.3803249786124636
0.8187926948210968,-2.965886483977291,1.171254994812939,0.5063089838455488,-0.7089682039872311,-0.06930766345636408,0.28418092402709294,-0.71982286156811,-0.287684994373791,-0.16098858708724917
1.6142983362829337,-1.6854290893981214,1.6081147324319298,-1.6310886751272444,-0.7466954958895589,-0.17837965908377884,-0.8926783490347607,1.353987331263435,-0.2099650122204738,-0.23474020456937317
-1.8227875367573976,-0.2311957353282934,-0.02885331403358693,-1.9413071178691133,-0.28299297232761567,-0.12437227944307339,0.11144550723782176,1.0730646333867457,0.9569836672621383,-0.7291098442791608
1.3069981038028669,-2.6073745229686174,0.14347862640385856,-0.29273274893642265,-0.05767842546686541,-0.24619506612403708,0.7239614227031771,-1.4124956043527412,0.3848247183360858,1.196994491176447
-1.6517821744791634,0.11132548240414608,-0.39278599705449446,-0.35192371160963587,-0.4159192316466642,-0.9307902576845579,-0.13062136478232622,1.0627134015912416,0.5267061375679609,-0.66789191658373
-2.0433518125052585,-0.11260402592742702,-0.301832380236827,0.24635902907918705,-0.6980994615873637,-0.9843091314632813,-0.3779883729716893,-0.04427993513070971,-0.8053712881291514,-0.13888388988486677
-2.361582228184199,-0.7051389861668038,0.5999620989565788,-0.2706981249385825,-0.5811884596629644,-0.5188152427674404,0.5693367856051803,-0.32707594761861136,-0.15314444182392484,-0.47561018581087766
-1.6161523472350856,0.7632574483388446,-0.3680763777677418,-1.0468638638183025,0.9114549460012908,0.8332856016446568,0.12151497823018742,-2.445600713104632,0.5986550557998573,-0.3478643655188989
-2.045994054368184,1.0294046185688273,2.125657789645334,-0.8429641288266474,0.34901132465682405,0.15473163521333086,-0.013297020334551934,-0.9921297718007321,-0.24339192961817002,-0.285993733591702
-1.6725564197604719,0.8823647319046691,0.506373020957755,0.022775150718709947,0.9820516070678009,-0.1467470373142571,0.5393299376041452,-1.5030764321850083,0.592014596546254,-0.14144057537135568
2.4832398020599573,-0.08251059891258095,0.6919369206186183,-0.2118988955611809,0.6852574640990743,1.2642041850838366,1.6952437495058201,0.1898959685765036,0.9478511625861963,-0.9288673635977799
3.1100768736529254,0.5734021080905224,-0.8141504508906555,-0.06960251004024864,0.7150091316267879,1.053075157108962,0.2978833522981932,0.25263119845937454,0.21938522769587343,-0.15076891086875044
-1.8724418981376454,-0.34896236474578046,-0.9793533212432152,-0.6176102415928492,0.0570743995905838,-0.8243112211508099,0.5770946764027449,-0.1624816210926412,0.44114567465856536,0.40218740410427123
-2.258432890522176,0.17038828254858918,0.6861754043008996,1.3213018485566352,-1.3731895588980438,-1.094502147798536,0.13483023458531251,-0.44762065658153416,0.5795741758287409,0.030302609216165344
-1.0246374823136994,1.700251363387875,-0.2990918430926892,-3.0552726069485345,-0.4594545517536439,-1.078779811447457,0.04031221519292272,-1.8546386052824488,-0.348398186196229,0.5978053480418275
-1.8059629225086056,-0.3873623546856637,0.07993792897053653,-0.41667295821904604,0.16380922960343436,-1.3775624823731425,0.44150660614586057,1.736575163133237,-0.03155747596086411,-0.6700063778812146
2.302740544847369,-1.625965469839068,-1.9030046064673765,0.09726677668368189,2.223468955814514,0.13015917312398437,-0.7143138275394623,-0.3671259425010137,-0.6086419321887071,-0.27351101755869656
-1.3719406616472316,1.6174887953493404,0.37508756706386714,-1.6714135639890755,-1.8118458625635943,0.8422788004177073,1.3854120863398989,-0.898345902206375,-0.0016057449019570846,-0.41817671448353133
2.3523259110813717,-0.7876870418308863,-0.653694143345606,0.6173767572770337,-1.308345077507767,0.7648748003276477,0.8450554881659319,0.5653947796417851,0.6997270552214712,-0.3599552624191935
-1.8376006371245812,0.8730213567953237,0.9793314992273894,0.5254454158831443,-1.6302659469197733,-1.067468219408236,-0.49321696052613984,-0.20802127345294652,0.320402747639583,-0.4244964987296578
1.8277591406634048,-1.432821278624691,0.255629421785472,-0.028948018875323944,-0.828562945646818,-0.46192475679428635,-0.7444710520274258,0.39881683114983857,0.987595347215316,0.46944801133250547
-2.315145999051963,-1.1546222293537665,0.006993514881481366,-0.044338252470970785,-0.14476382574308455,-0.5352239849401991,0.36924465253337546,0.7799951619330026,-0.024188623379522767,-0.43357643006058244
-2.2853716724245277,-1.1336761354960418,-0.022251753425616805,0.09090492891189461,-0.14837530624491113,-0.6234454988066692,-0.07057002137746338,1.7712821202315898,-0.02469769404106703,-0.17885919371418013
2.466006146414359,-1.225535729609788,-1.459812816669757,-0.22939312811196233,2.1968918532750568,-0.12490245164814917,-0.5359742164273487,-0.1630071903491157,-0.32878016801790055,-0.4095734524386305
1.9564215440214925,1.0787415643899438,0.12362265621351287,0.4181500443874657,0.37801650199551706,-0.049702085683365815,-1.3303956732675657,0.30516844990128034,-1.057354596012706,0.09963733281410536
2.570431217279441,-0.04456872732171924,0.18228435591029335,1.3346779800941726,-1.068830370421456,-1.5207665922808618,0.12175657066951684,-0.18877257965433514,-0.57592641440161,0.09952670070573655
-1.2440365980940387,0.9948555689134969,-0.2239623007784579,-1.2929650385721172,-0.679520423084472,-0.9658798916426652,-0.6797404795411779,0.1503177076091069,-0.11997609049621805,0.0749269059908162
3.243698775717178,1.6428484345872976,-0.19942115581119402,-0.04864081644997964,-0.44988641177207467,1.6545171681241497,-0.3538690658510275,0.7348000767325455,-0.7148201898328552,0.7231094068661523
0.9945460086322262,-3.1229407327454326,1.4161005230602708,-1.461160219034526,0.06787210259470977,-0.00727920030829865,0.8918719792364781,-0.39585265766847477,-0.5819867900554879,-0.6559784324748837
-1.4060421196275081,2.0906870513587754,1.5345777434745393,-0.7061516340602938,-2.4537625110758747,0.320833295631147,0.6206333993973616,0.26307873359475753,-0.07596231016835653,0.030485443418615255
-1.5795786005989938,0.4021385071233128,0.03681623691919367,-1.573525266447204,-0.5589208437443018,-0.5229444576360148,-0.10612852513604354,0.6398096177265367,0.5013532847447904,-0.7045228738912219
-1.847360690382489,1.2302023927274193,0.9914281149674223,1.7553579469517442,0.05474195532362036,-0.43094065307354834,-0.7603877675097483,0.24152017781004131,0.9249493653856302,-0.03303154252857765
2.204727821486099,-0.645431742800072,0.09992482036548589,0.2757613689195355,0.9688548016176577,0.8367101096869018,0.9561042442946358,-0.8890619801658289,1.2226349448923008,-0.042898273061904524
-1.8697518782018938,-0.6368677703189691,-2.0880165200699414,-0.5827808159327679,-0.3453167073246912,0.15942640163564095,-0.6341590255452585,-0.5351532085189952,-0.3790340953086988,-0.6523124513144045
2.653073163022907,-0.12175805753157576,0.25269905171343043,-0.4584267513940752,1.5971386740912046,-0.8070861632668922,-0.6024590837175203,0.27367677484820185,-0.1894649598388516,-0.3522417748605404
-1.3219727057510395,2.7078949539636894,1.9629335022403027,1.8417679004820533,-0.5841684914295957,-0.7297115229898136,0.27101365890201135,-0.517579416514456,0.024652310440166136,-0.14909407351829507
-1.4926062194274126,0.4947939982197036,-0.460078731604314,-0.8444942225558058,1.5643739849794802,0.26802373930726603,-0.25876458690441906,-0.221779921635469,0.3583951227176476,1.0349684756148532
-2.64523200884741,-1.555377234402373,-0.8217615773391506,0.09797438847539186,-0.47995933072656216,0.8229000369474441,1.084472634469416,-0.23949406467847179,-0.5923472473085358,0.2302402427841863
1.854661507527882,-1.5004062712837052,-0.9127341743775895,-0.24231988832795692,-1.1791380003189411,0.47919085557138963,-1.441323247384586,-0.06953147027333406,1.1851761720517955,-0.4337680020389072
-1.8110052957693337,0.2584603492251418,-0.44004996805857877,2.1048527744318566,0.7408873150064663,0.3815900361349599,0.1315249804502896,0.40125980566620245,-0.5836152007126572,-0.25968476140372476
-2.6642744614561495,-0.9975819257719558,1.1524681700538317,-0.004203490682211042,1.1185671312638161,0.9195820994257637,0.19334217682917165,0.09902224284484062,0.0138246606244119,-0.24072068220653264
2.3714164721125437,-0.6175689903876416,-0.3251245681793147,0.3356782897210395,-1.1162061864237869,-0.2663139251163057,-0.09697121208206672,0.334512024492853,0.3904877742563846,-0.7128558903064524
2.9869208180438207,0.4200698791114651,-0.8591454269904605,0.6900801066379696,1.004450733232359,-0.18420362645530364,-0.36412139522082,-0.5723060680775195,-0.5797772862042327,-0.3291734328825897
1.7515443885574093,-1.6399112817081716,0.6359712636139516,-0.3259282428604653,-0.7452556608352263,0.07299017668313276,0.3556743980338194,0.4329956858388375,-0.1984527242240517,0.5771248093765291
1.2512175479867116,-2.7226443920196677,-0.4485085321329547,1.0157555295479215,1.3459694833331974,1.1659738754935787,-0.9141398624901285,0.39880439588234773,0.16864436196844745,-0.19589761133362282
-1.4017366750731028,1.1078323438112636,-0.05461369732704224,0.520150173106221,0.8052676850129477,0.32731021983433656,0.2629806062122373,-0.42128517436856594,-0.16833389654683506,1.1990134369680965
-1.5437849858561328,0.7198982554961586,-0.32220346514289844,-0.9173479026080535,0.8484872785399189,1.1727713986707238,0.3208926799275824,-1.453374668865968,-1.3908028757269726,-1.0017121164619909
2.0742247653821746,-0.9780537900358972,0.056388596202426866,0.8288818346420816,-0.4783105092944584,-1.7570378448111803,-0.3294221085191231,-0.0569607935772658,-0.05814436547488566,0.41485944534718033
-1.5785795344533153,0.22110362816514084,-0.2974136738840214,-1.2324894990041968,2.0440602906199956,-0.09605148766299243,-0.10352139060049836,0.5393489271205449,0.02162422839809497,1.1506137362708302
3.2548337523353723,0.8231053385162953,-0.9208918737481836,0.32374060338878974,0.43216431529873645,1.5504109373275814,0.8860431459164844,0.4837045748802009,-0.2960967169119467,0.030055122682770552
-2.2256832420322623,0.020764779636867958,0.8236446754515944,0.5048922553398798,-1.1118344492994756,-0.9397023103845428,-0.05780727805169339,0.2566920362898375,0.1370996646442455,0.1740216754010726
2.499180860050042,-0.9929459128684175,-1.8323214963047665,-0.3747907280530183,-0.5132982410812932,0.10827898584323234,-0.4191703821686359,-0.11643797398859879,-0.32018518392190143,0.13150257423740563
3.2417194131792257,1.1966880669885498,0.38763084801113834,0.30652237696926843,0.5870214906076181,0.1026131700044802,0.7411956364326758,0.4588380785915527,0.10625604294672608,-0.25485585664680244
-1.1102974668057217,1.1714735265604008,-0.360834056771552,-1.6609248710247213,1.611786845130254,0.03842716995092918,0.2048876906104271,-0.05390777494708332,1.148671070744071,-0.4720079466692537
1.8365834591704857,-0.9285572966261775,1.6017030304957296,-0.43759054393232377,0.9056736639767247,0.24502416879811809,-0.43089139085557004,0.2612058791578169,0.508497364465152,-0.7452007861194185
3.245755844802142,1.3222089106081794,1.487564399533717,-0.5064292823055028,1.4219095106488127,-2.0767616051661504,-0.20512518478865682,0.2529793068898625,0.29713785870899345,0.12255044248185265
-1.1414722414994158,0.4334661681627304,-0.5573531274705619,-1.9011199610856757,0.8010710552966056,-1.8472830692456503,1.1798217368912705,0.4483036924693,-0.19033862875855712,-0.599470157517975
-1.5859716732470162,1.1782213531815064,0.5927499825706488,-0.9087420982734931,-1.3109943731205165,-0.9615927376389852,-0.717704886561745,0.31502195371146646,0.33737248768699213,-0.34062243939098424
2.2717297053699106,-0.3683844287894962,0.04805443043954871,0.7062601512353002,-1.929333993291759,0.8834786867860864,0.26891024713444645,0.4326119111252986,0.9279219767437579,0.9164845932457342
3.2137176951250854,0.5982735935694444,-1.7129924230179654,0.41806238222271985,-1.2578156810800085,-0.19514063739403242,0.06463552543656648,-0.5544946615435055,-0.6937827360026765,-0.1040789158863511
1.3811391775976176,0.3172655619957361,-0.22893745369925134,1.573821426283287,-0.3557952021748302,1.8222834471409772,0.16081097900082564,0.0017915866238178424,0.9893603488023246,-0.2658256284827283
-2.1221926166700333,-0.6543268504670341,-0.7603658585236496,1.2016915475617647,1.073703906512873,1.3927978381711088,0.2842034143014611,1.0524085045862015,0.32983877159022645,-0.10252498165748003
-1.4157962074307724,2.374433890936722,2.0598953874008243,0.49131688914282456,-0.13144066923548214,-1.0241931101356514,-0.8221302786307545,-0.07137503562105696,0.11358746492501459,-0.424897478330444
2.9014827928872995,0.4022350089617429,-0.29764996595343307,0.4510368747034583,0.9727667191108795,-0.03232049484660948,0.2746761826330756,-0.3078156014137503,0.7494516096227197,-0.36292926361324973
-1.3438286779913362,1.6192009132741565,0.5422132488952829,0.574953222309396,0.6233402918587481,-0.306473918756752,0.3948868165151139,0.055880037373916114,-0.7703286362543017,-0.47176425003477407
-2.3387000228724877,-0.36420127771560007,1.0803830886756374,-0.022563979967785697,1.1101629576051535,0.4775861383789588,0.1983848629976015,-0.3886245794775036,0.0816925655894909,0.47223981247686186
2.551190015538423,0.27478013511727883,0.46701627912136146,0.36855424899997824,0.4303198372401831,-0.3516330465627757,-2.047340434406431,0.06734944773766749,-0.6539117187055967,-0.8977289373436684
-1.2084934949738293,0.19756520378136067,-1.9753365808100058,0.24865869560795928,2.4194882061963066,-0.4850184289938533,0.6887933614312022,-0.17245847329441344,0.6123531421540767,-0.53055799272906
-1.562696189185643,0.9488048344120655,-0.29195829173895893,0.7297732656406954,0.9342389666975317,-0.381989029115708,-0.9220906039187262,0.22979845787600084,0.07265720981403034,0.6088051763960165
-2.3769856575812858,-0.3035263786204623,1.7243571114569671,1.3269647278171801,1.0855427404572555,-0.5081327416914704,0.2211921439513178,0.6630657370077562,-0.6432962014344847,-0.2719760951892025
2.6444753610499,0.9371241201368824,2.454154804123781,-1.2344901575907814,0.3206502625125993,-0.4557193285011636,-1.2680506545418615,0.3173553864609524,0.44776594507811085,-0.045224144701728086
-2.4256845986782984,-0.442532986990797,0.8763166780574638,0.7577497268680622,-1.0150332530732997,-0.7966094660958996,0.6057844014869606,-0.9097307666394077,-0.052914972302494645,-0.3813822437101626
-2.3388778064727687,-0.5058458763928355,1.0223939655506042,0.261567956505236,1.1242280522353238,0.40809318786892784,-0.2305645498610751,0.871851020994542,-0.0965240611877225,-0.26673641886995636
-2.053970103744124,0.09319106156987078,0.670346129103085,0.42181969656788776,0.8832291529908971,0.17691698037276574,-0.6511242450345531,0.32857239632184543,-0.5361878838036497,-0.4051478564558715
-1.7225079286934664,0.7021097339922324,-0.7385328925550477,-0.004270724058938136,0.638695257635302,0.5012451622566658,-1.5971260157875922,-0.45555881150675614,-0.8515837682795284,-0.2565355678139576
-1.909863138369435,0.4686162653330168,0.22509463050694256,0.5122467502212258,0.711708029559833,0.19969979254376247,-1.0770344159548022,0.9901289056791529,0.3540736385697143,-0.01736455188008268
-1.9369017799090282,0.4905326160991186,0.24564330801829726,0.4320396794514496,0.7983954722672901,0.05667422013067189,-0.59743385973276,-0.11745595455098634,-0.1852666071379061,-0.2416096782669399
-1.389371608816385,1.5273132429152279,-0.05781101537989153,1.2628305588412565,0.2816068119684092,-0.22460811284837157,-0.9043379648888685,-0.49681751859113743,1.1136443583804525,0.23923024823861105
4.14662675027426,2.0414457373499455,-0.6878208872781431,-2.473741107048201,1.681223598175219,0.48434414162407846,2.516782041440276,1.2116130556771436,1.0106844320499901,0.22097835914911057
2.7349547646753525,0.07049144953725905,-0.384314332007196,-0.37117381889712564,-1.5220709543496174,1.13208407326835,1.5517707520587676,0.06095981013188134,-0.06445286221632573,0.3501889610482767
-2.4745709351153335,-1.7725685079098117,-1.5040947369375504,-0.7281507534423143,0.3257614748584643,0.28468224041382006,0.4640918373786287,0.284973348089288,0.6717567331450736,0.8377804286022841
-2.047930791140122,0.7829652787911043,0.981030378825814,0.30669923251931586,0.12809242975916657,0.5423758804428487,-0.8404910123467297,0.053762206887480346,1.0244242495580418,-0.023458206780412105
1.7677881337962278,-1.6114602128954272,0.1414134116795649,0.9989246946779788,-1.1416794878284025,0.056126814501507555,-0.1958491573758656,0.814224330268881,0.020256239301928103,-0.18913387620315847
2.430761749007588,-0.346543450580135,-0.6397371926729816,1.1247910507533057,0.6222231614636304,0.7563740079272703,-0.33038164037219353,-0.4965455197214582,0.6500232648242663,0.12929582459583133
2.898046555760871,0.9396758504463792,0.7903733185108253,-0.002415769695164105,0.5011700509468275,0.3877489891865842,0.8207216170351301,0.8805992457342757,0.5654671629162098,0.35260541793633715
-1.9526995048210845,-0.27750479214085466,-0.2055184513948638,-1.1414783804412836,-0.7623872306510782,0.568102062640769,0.6871948885392757,0.07996397641832376,-0.407558623149483,-0.46424620632685376
-2.2712200009392123,-0.5871173945839316,0.1322722987320325,0.9870139535615805,1.090449826545991,0.5970008050294523,-0.3120680695895699,1.0257532859203482,0.8888215997277438,-0.210522680069809
-2.3238107675051305,-0.6225566429490861,0.1902471756277847,1.6588948829046002,1.1163447244733729,0.2374993827398647,-0.04731101076286848,0.727044843248104,0.6457645780097814,-0.21573792769607136
-2.9635429595357348,-1.8918434703732578,0.5446297721457647,-0.4001200575126571,1.6180654202526943,1.348072047741879,0.47321874213781134,-0.6521949897564071,-0.9949197859572464,-0.28058492490010933
-1.6310068115490544,1.3182876588593655,0.36093624767970145,1.6607065064346376,0.03049710673633066,0.27968592759207717,-0.29604809127662257,0.5550174015905844,0.20724928375234675,0.06535207098080931
-1.4210647384188846,1.8910596760938256,-0.5458393852513044,0.970618604886937,-0.6176643569270004,1.2659566579772032,-0.9133909410532561,-1.183324818553336,0.4740861765815154,0.00271866141749455
2.5472827511948593,-0.9168908304305732,-1.2823158037268514,-0.4741609759223553,-0.7161961879625798,1.2820569108768347,1.8712059190935062,0.20330412538673914,-0.7876445176338174,0.32437898248428754
1.1062339834574546,-2.088057825788712,0.8994357004932466,1.14950077253207,-1.3307157337624673,-0.2535082631906632,-0.031782895475719775,-1.7581472049611808,-0.02268177996797416,-0.29288702747907425
1.88547613468379,-1.5137067225117966,-0.06449637075775483,-0.3303581494427883,-1.2325984213862236,0.8307138685507853,-0.7567713578799442,1.3219647571787725,0.5818780119896945,-0.1854212167155207
1.9780600675025823,-0.6962236866480151,0.5794229101655017,0.3518458327834284,0.35048990718220585,1.2228077788680105,-0.44531315697561547,-0.41938276874819136,0.1327044482886417,0.49186897033986243
2.9658872410202983,-0.04915614309110916,-1.0916562066558573,-0.1166928077803635,-0.3085742933035738,-1.0647460548175174,1.0558483468120916,-0.38666220925721617,0.9659650464730463,-0.5419824294561328
1.7493972597405456,-2.449908867637492,-1.0303764619364948,0.2888064325693218,0.35289830336142836,-0.8636480962129272,-0.07036213725723384,0.18792019317158482,-0.43527726886420404,0.24482364551734315
2.3476986075797797,0.34440018142691275,1.2184961490419006,0.8420511795467474,0.44833231877702007,-0.7983452676862621,-1.1890769266916574,-0.012351250501823952,0.4996767633397532,0.38751173179535847
-0.9960996882552795,1.4333064150465207,-0.8370618741946977,0.5581417988132094,0.9021632512950919,0.2715906265597257,-0.0547368799647876,0.3573874255801244,0.11146201450827409,0.16716226858134342
-0.10241484416912527,-2.2323946052561507,1.4950334048380882,-0.5090939665787966,0.8459572239801096,1.749673582358031,0.12239296748273776,-1.3445220205566641,0.7171413568161629,0.6487975537675228
2.5466223381462454,-0.06361783667879006,0.5284266941367093,1.2278269884505941,1.760202073966562,-1.9504450652967138,0.34780080281202985,-0.30391358085245357,-0.48637872080930855,-0.05660956806004358
2.601174083795571,0.19435075108513022,-0.764318285826297,-0.30513270295684647,-1.3517554078155911,-0.44102561427680453,-0.6998580393492702,-1.1891032809126305,-0.8361659624454487,0.37620412143456505
0.46895279921534794,-2.166347131384456,-0.027025534429632958,-0.9699159473959424,-0.18920936576575664,-0.12935988117332925,-0.5488903820593947,-0.5373603889057703,-1.5228071010613102,0.46843502545774807
-1.971159691533018,0.3634802188843289,0.6556142825424522,-0.31674704669409226,0.5087264631921307,0.9170818982759741,-0.9752400873488767,0.43069891229951573,0.5030073656595437,-0.24851327613021335
-2.2533318861280125,-1.4645137714276282,-0.5878314500302848,-0.59034452919063,0.6903898798011656,-0.8510746343530067,0.7232369732162615,2.0509257563700256,0.1005609711742832,-0.17174792557729912
3.2254286458290924,1.6263146931021257,0.3264900492857694,1.7459860368989144,-0.5165502443160856,0.9059959146852462,0.82461903831376,0.1363898130280481,-0.4708305568990593,-0.6122486823961089
3.080270875444578,0.9609030172571703,-0.19012609735230201,-0.05056337881378292,0.6542573540624796,0.0462746629017646,-0.17523661956728231,-0.3722033521848521,0.6826348361863346,-0.3420806287112359
2.1568512586191106,-0.631683556772217,0.404564942274112,1.5630476768017867,0.191907618715063,1.3511996858696476,-0.09244481307537322,0.9616605009406669,-0.8412467106418688,-0.03656685505991186
3.5964978054478873,2.682141253981834,1.6078795522546137,1.391842255744776,0.014098329466747606,-0.8398592281814492,2.3993311262598382,0.2831310359489809,0.2015907708797855,-0.017005686744992365
-1.7448787125240655,-0.5167804444011228,-1.9010954050512736,0.02799910913217718,0.0028569985296000855,-0.5605627370931894,0.28156808170271974,-0.9103632259670943,0.2004288023400318,-0.017090358422859886
3.574457566077367,0.24114346497182193,-1.7605641994002705,-2.076070587288242,1.1385676998865149,-2.439957117301579,0.8045556460327967,-0.4093456048583569,0.46147513139608765,-0.533143555417914
-1.624796131356637,1.509179164356743,1.7309817195405892,-0.7298463260757543,0.15514046364435607,0.8542089366944704,1.0112761002169617,-1.2986785426470437,0.45677312730278374,0.24343295835091183
-2.3346986201748345,-0.3399910433010689,0.8266992244384573,-0.21212815825624132,1.3465267816719841,0.2652671180438664,0.3253763158777918,-0.3345610713961962,-0.08312224016489578,0.6994032044153504
3.913877694379334,2.464385757655315,1.63506046146649,-1.665550705605646,1.1743631277022726,-1.2269554200398556,0.7518643463075384,1.8346834402492118,-0.870322470134097,0.6552039902770554
2.7439018881500594,-0.6881094309767963,-1.7649329552005981,0.19316071909744625,-0.1611361082572318,-0.7337378347197265,0.6758983447845942,-0.5137461810861507,0.19401435426130176,-0.33987621681251823
-2.652631246362689,-1.5192865493595624,-0.02842497166453417,-0.2763093250417141,-0.3693437174846228,0.08936437301305869,0.3767118790733064,-0.24945440934134755,-0.3502850555211705,-0.2643060965586044
-1.9997541188772692,-0.06111573467478948,-0.8018604074436747,0.012980746312840408,-1.078575240350332,-0.06418518556096842,-0.8219190687071725,0.6622950309391653,1.2466874595573934,0.04468835403573079
1.717872438261253,-1.132711262743011,0.6198180607873884,0.7992298085502556,0.689110172472744,0.391027566464315,-0.8224878698436204,-1.009188953312432,0.1957661799500805,0.35762198530889777
1.4215481727066948,-2.388403096616071,-0.8528543836446246,1.223538103045895,-1.053290557508122,0.8363259050153521,0.2128160201786321,-0.7711374114861039,0.06295364480921051,-0.21737720222635537
-3.0515336497270362,-2.1117045087763247,1.2235940027477321,0.10657796551653709,1.8852670722349425,0.81074361150882,0.8285277191444378,0.7519886369582442,-0.5851778891323657,-0.11162988666638252
-1.9954121976870631,0.12739101080660564,0.9073202306494065,0.9199052459937307,0.8697772346963195,0.010737304928591346,-0.5334911272997156,1.356561024578843,0.6370483627584891,-0.35837157565067534
-2.3451090013503118,-1.1342952860712847,-0.654913538786347,-0.21645446103214816,-0.008388789778479344,-0.48788067639640476,0.203885767694147,0.3123366169883188,-0.14356055175325755,0.8731122845519887
-1.8260337493758185,0.74845470847794,0.7596992282223463,-0.602829546411585,1.0424773095890985,-0.02655802376505123,0.1611607040148395,-0.7731594443130835,0.2746082406567443,0.35077402425023996
3.0353635862083017,0.06735763305685039,-1.1213925647967518,-2.029378669564979,-0.3064162879235237,-0.8178704027148445,-0.9853871392707638,-0.07067358892898623,1.2555409058731504,0.3759605617018089
2.541194235013009,0.4965286307541049,0.07636308644505152,0.2159168161672893,0.11431651166079138,0.635627420436669,-0.4753515791097762,-2.3490399413461653,-0.8310609475828961,-0.09565598928962094
1.9581726871772984,-2.4986182751309065,-1.523764202976829,-0.06402474608229425,0.7757122976668285,-1.0249631355357978,-0.09405102282338351,0.3420414570470107,-0.9100812517615803,-0.013931430194157324
-1.52093380135332,0.5440012288784106,-0.021274657277701392,-0.23564429730730452,1.67607780696051,-0.2933457262549486,0.7313403855747314,-0.2860536203653592,0.700355052375232,-0.09044876117168066
-2.141426510597595,-0.2499964104695762,0.4527067629614722,-1.0375121422899787,-1.0390018817666384,0.06981088930422055,-0.44025193553049013,-0.10047311628278122,0.13304386560913573,-0.47123707171766394
1.6010213242945115,-0.3878927372175953,3.4492226959144223,-1.0341343061071484,0.09396415269158265,0.26890898161985666,-0.844408578116798,-0.956252699928108,-0.5633665649171182,0.3691174572934588
-2.6088566279795544,-1.210014027726222,0.4686165511780677,-0.7640168305164686,-0.7034956549811464,0.4328415686782742,0.2611077846390195,0.039683399886787596,0.4351978414237896,-0.08706681533967364
2.388348258589706,-0.26556355482697125,0.08291045214941661,0.18291451621107502,-0.956203157043219,-1.3607143685954601,-0.30152924479984433,-1.4366084584174212,0.3876865748185585,-0.24095595401265513
1.7489995380027956,-1.2595593165253853,0.06870065043940965,0.9711384006541741,0.7145146691974986,0.670341486972179,-0.6785855340560372,-1.3462718703107577,0.8632810589987012,0.22236824500901786
-2.306992543628291,-1.0180157850633136,-0.9437879584377921,0.6028402816958969,-0.5123259863296925,-0.24978497441142733,-0.05155101637876558,-0.3574134258278512,-0.22492054915913995,-0.34200476657532275
3.2415824148673114,1.5931112760773352,0.9459903461219615,0.3631626276933504,-0.25346848892115514,0.9382270468986077,0.12258217384025216,1.2505841490261793,-1.47472856872426,0.5483588074898496
-2.6365862026419506,-1.623323714281331,-0.25616005243889717,0.7748618081442618,-0.22237606404263266,-0.36487876176061573,0.5789947440858628,0.23934655628659351,-0.026720912969161015,-0.19011267675574084
-2.421733722016507,-0.19769251087062067,1.4493353398646702,0.977114434343207,0.7652444772339246,0.03328100941037984,0.14837421512661453,-0.6013939586086683,-0.6153409586096888,-0.3676330005740762
-2.017305823667322,0.40307218116719357,-0.38534305315735784,1.6378668777582903,-1.67592392904668,-0.15534375753889806,0.5783152424063117,-0.8104417107926138,0.41826588596622694,0.10407866736573346
1.3295265319726752,-1.6436801616037804,2.702827124265948,-1.0276306455130888,-0.7546815633100592,-0.7963024519020738,0.7845848198897912,-0.9594075167784528,-0.20872322888372152,0.39794041099884425
-1.6572722091043524,0.2506379722447081,-1.645513260345604,1.5477267787570277,1.5093977997934875,-0.49086330563243696,-0.5751855803659562,-0.5758705516801137,-0.7509651273258675,0.49844886425674484
2.1726712348923085,1.4891045997592407,3.111097818741618,3.989718703424412,-0.5623170556533008,-2.6223815261710763,0.5904242761672974,-2.733792109641511,0.796641100096452,0.2654587174602374
2.582823126929588,0.3664796151410553,1.3529992547187564,0.4695477655368494,0.4712909524970603,-0.1723273846660861,-0.7315951575381601,0.9223341559586116,-0.4758298722735902,0.2296074334635898
-0.11186154864447229,2.739085698246079,-2.2474675483499915,-0.07364790095021667,1.0079869307268587,-0.22332537928178597,-0.5363722385501075,-0.8663882675242243,-0.20219628515239507,0.31103606969177866
0.22810629203354083,4.107572155042251,-1.1093187941128742,0.8325588607682057,-0.29878527424737733,0.47250189116361385,0.9007134900487789,-0.27309148058979393,-0.4051189973740461,-0.21518912795865686
1.8658096275604343,-1.4132640470056947,0.9724875409998328,0.6397532242420172,-0.4703528868934155,-1.4861698453189187,0.21953169502969727,0.7544344583361942,0.5905577443714001,-0.7400051647630923
2.0073707865744366,-0.2561324069058082,1.1483558551180573,2.1420852309446596,-0.4269801568410796,1.323913369751205,0.2430065520754865,0.5383430612196636,0.3869514084771746,-0.00198347708358515
2.512160281383884,0.4153235853729379,1.2356135396449703,1.102716768499798,0.05294474549855677,0.7392821411388337,0.6348695157421895,0.6952661509172127,0.5927902336786934,0.46507700637805804
2.0217435666057124,-0.5739929784712858,0.2523610087622232,0.5333689520696403,-1.8071358474511787,0.2609654222029203,0.10002021203582534,-0.9246382258748801,0.9078459791779245,-0.5047242330797821
0.8710938461288285,-3.2722489266029373,-0.21577889668278116,0.15315520842958108,-0.6099545115775662,0.7717393272465533,-0.07550483302666677,-1.2321018456857853,-0.1382718130420566,-0.08403907975329816
-0.759205320683451,3.0067137980705207,0.10227394652444854,1.7703562478408248,-1.350906625167763,1.8667662363146196,0.3525887057900503,0.5434735180984538,0.8966556423418739,-0.21031646506923818
-1.8708870425282917,-0.31003276842236094,-1.2934327463237785,-0.4517766208779488,-0.10095673115917125,-0.5933313746516339,0.5532849534160126,-0.540899551204377,0.8617007547812001,0.39531042669281735
-1.3387953842016107,1.0905545293550212,-1.8042332257861413,1.060954751063366,0.9397106512610172,-0.09382342327273385,-0.8826641435671998,-1.0278450862933326,0.47188473233513006,0.3323270633881066
-1.9669883931184295,-0.21898929105747356,-0.10163826286949751,0.6227734067402753,-1.174848842086338,0.7681815314785081,1.37174190285483,0.9046207121842862,-0.5027563221025022,0.1364941165227873
1.5547369322018296,-2.014053360400238,0.17312297929481524,0.1523519103714719,-0.9312715223486443,0.04911462984719481,-1.0005493515907398,0.8163509687658288,0.9326766888235589,-0.2784288751341204
-2.228825785849722,-0.6358141038698397,0.16753437163423923,-0.47314127617043544,-0.6954087948672913,-0.18110529700235145,-0.2826339673559357,0.6845008437857878,0.17252871686193183,-0.28281572966704993
-1.9126485466511514,0.9282793012135827,1.0805495074177682,0.6289944025041194,0.10016918455119872,0.7253754796196603,0.08931274137204515,-0.4033953424450445,-0.6653775977082815,0.04953935085853267
1.440992461400369,-2.0908768490904994,0.7419781085243295,1.9410615698210725,1.317924819675856,-0.27399605932217874,-0.6643749175795393,0.5847022756292006,-0.9206521005387938,-0.3480778875482402
-2.3681786469723556,-1.2889098848784575,-1.4913408909505153,-1.0290853747111854,-0.09760077960619573,0.32636959058012927,-0.2603969864692923,-0.7897777673174805,-0.7004823960083224,0.7891478017952445
3.297363385649062,1.223923723726294,0.16324319618541505,-1.5994006405732848,-1.1353117026111348,-1.0522211925149139,-0.2085274608404113,-0.4646001274361581,-0.14470252021145413,-0.5599680036562653
2.220832205596591,-0.5530509733029976,-0.034654283538019026,0.3897293315437098,0.5749267689935391,0.2810425114415267,-2.3317543513117434,0.22316847888578972,-0.9010801055087876,-0.6247038229082025
-1.3141806019521463,1.2002117293518229,0.3800462456715417,-1.1086712855462815,-0.878030773173911,-1.3745903013194227,-1.4791932269933679,1.6783041008635955,-0.31111815104816376,0.6359420637781286
-1.230630638963691,2.341309662968114,1.27104847689042,1.6359568549532502,0.34554497097876125,-1.711531662342406,-0.2561012363598085,-0.1672804916929802,0.6411290045341913,0.35783087825091275
2.2205391482970436,1.3477412635359969,-0.3353834498420015,-0.4804625708463215,0.356562833826904,1.084754141531633,-0.015837837937590526,0.6103179960863883,0.22299342160700308,0.028252892101603644
3.090983658596473,0.5186131727052053,-0.7386883830144199,-0.3512626092794,-0.9960481000255103,-1.1152051264189937,-1.1798666209709803,0.11363346062971424,-1.577272320641876,-0.10878114050831633
2.1417377741501546,-1.1267587368539225,-1.0438801311194412,1.4342919229545665,-1.6918545172910247,1.6446767286916888,0.99343142552455,0.6618962468062182,-0.5393511916191461,0.22293484483577597
2.15753178043174,0.6190061681808068,-1.532129222227276,-0.5610906622994886,1.1792088626160673,0.5127067722717712,-0.8147862799237797,-0.00316585357510224,-0.45657813479161147,-0.32609214466428094
-1.6650356016464047,0.1443419886620363,0.0553923953560892,0.5157059425071422,-0.28723650104544385,-1.2001999079745835,1.7150389068756482,0.3356648883214737,-0.6969896843003707,-0.7502407243777321
-1.5190561972456709,1.109855666725538,0.3943323398998767,0.897592576077674,-0.2028578836499113,2.291970805705553,1.2964397684691298,1.0529318850050422,-0.5397053569116788,0.17021854087888322
1.6710359488982975,-1.4196393893222434,0.80716554219581,1.4111684910892999,1.0494360396208153,-0.09844197221645623,-0.4829103531911674,0.09161310505296094,0.4655475792024062,0.46227375992104913
2.858806076098144,1.3556318888053331,1.3731382321546435,2.439517584009694,0.07289249814455334,-0.8962696880788714,1.069088153058921,-0.10528271174638038,-0.33744948117848816,0.37459730488337173
-2.051738627271248,0.2106458083061653,1.69717063175313,-0.5810486061887029,0.6831552433178723,1.522580071427901,1.738674116050005,0.27468155843844144,-1.4409622569035703,-0.316889927044429
2.750518612975423,0.7723575344660002,2.5342567436350354,-2.8129012407030736,1.5293409902236694,-1.0681056933561255,0.7351776026593361,-1.2887831851408742,-0.11107715075803237,-0.03359971225287128
-1.6383255055027095,1.5675419886402908,1.4573711116278942,0.6599771377390828,0.13507208710306662,-0.5275846855090539,-1.2540359212384138,1.0886384460987117,0.34433410201200787,-0.07506753554169321
-1.9797104745559175,0.3893519152407081,0.43346562665748356,-1.060957494118198,-1.8100118016129159,1.5671169848020696,0.8430469995383498,0.6098563667718688,0.3458746553473022,0.31293835319218477
1.1745405282468013,-2.96585894505279,0.7026886992220202,0.17461228388573935,0.2126865305900183,-0.5756666636824503,0.9678372049265532,0.027507537550104377,0.6709835130100166,1.5571254806670145
1.9023802690739116,1.1460398672922654,0.5051702686615873,-1.1422437540489043,-2.3303494627614443,1.2612558713441062,0.08350006673795751,0.0519844386338435,-1.6684277551179247,0.5461678890490613
1.5246398464726285,-0.5117821039790198,4.390158053861618,-0.7206138058628928,-0.11174228940044251,0.7260308825812558,-0.13224724184892067,1.3971428062681324,-0.4074137346683089,-0.07104172973624245
3.0702894070105096,1.4140300403516006,0.6365099100186165,-0.06186227512428122,-0.4024388090595037,1.7420612324837397,1.0169727806140774,-0.1317215476704512,0.28154070520264085,0.190932322417932
-2.275178405267894,-0.9602537299615621,-0.4528764290998073,-0.5239361520317132,-0.513063727093638,0.09890809549834381,-0.318889611949178,0.5161739015998934,0.09944064102698236,-0.29066711003733836
3.68320313618592,1.0251718723384506,-0.9589523835939356,-0.06184478296570339,-0.40552097824469246,-0.9720693625463459,2.391852037374567,0.5753976902188016,-1.0491941074414843,-0.5518709185416248
1.8643356931019976,-1.4285978208668402,0.34118940047568524,0.9712831706132006,1.2549162357900323,-0.049354735168316566,-1.1658317248721015,0.3986590277217965,-0.6570801384986222,0.5089166498597051
-0.11520766201349453,3.061284645921342,-1.5932791873429895,0.037219340970558346,-1.5418170418166985,-0.2761392497897228,1.0371505736234008,0.5275007378819592,-1.1751642635751944,0.5009737808903723
-1.0889323086429439,1.8026322825405332,-1.2670121611751801,-0.6439845076381655,0.6258910644129041,0.31364755171656356,-1.1685722197341157,-1.3413674771982937,0.6180257657428065,0.09328751286924764
-0.6114455368627265,2.4892837332309723,-1.623622740913515,1.8481799304504616,-0.12210944611496677,0.7865901801235318,0.1631769777423253,-0.8602326104497418,0.21543096693135744,0.10408251564195936
-1.3263812165124773,2.108341836300146,1.350661534360631,-1.7788329181945444,-0.35374642312903504,1.3750441880843354,-0.8667305876375755,-1.010908008449515,-0.7759276796683845,0.4006325394849797
-1.7005613094096228,0.33829258013468166,-0.20926448054768754,0.43673628395307573,1.4055940238729743,-0.35994371138652326,-0.8631446332311634,0.9891465425738812,-0.37820211056035646,0.6346419382497714
-2.300087865570006,-0.6006519232032572,-0.1127100592850877,-0.4082278610783603,-0.4593917898298898,-0.48980498468375333,0.629916994610368,-0.6848773810437997,0.04171920123763484,-0.3023665831158111
-1.7738485766044403,1.354506418062809,1.689495384431829,-1.1260072752128552,0.04132877447413019,0.3689820588274287,-1.2845140863842668,-1.1323728220671831,-1.4281136459798907,-0.6723592843827377
-2.099349682508016,0.005351465680385026,-0.4888265505296967,1.570990413420601,0.8213084602952796,0.22183857731579293,-0.6424401300525522,0.1577182946529827,0.4603841112107576,-0.004416710287419079
-1.3731758223445563,1.7592964352212417,1.5383894675214007,-0.27033975055707327,-1.5584645164584763,-1.82474651189186,-1.3406851124979073,1.6788886844866653,-0.06508139112728673,-0.1946833412058533
1.5560452251631824,-2.0317105771834765,0.5387110125022694,-1.6458818794062775,-1.0790856535887956,1.5382102903341588,-0.38834369889374387,1.3321974109088695,0.5533933509314259,0.053343751763416325
1.8276170073447648,-0.42396703560586513,1.0721617806674448,0.4141640283705501,-1.7927274034121536,-0.9007770354962383,-1.217282899718567,-0.753276580514472,-0.03100627005476908,-0.14080146841404106
1.1774656976758253,-3.048317585841913,-0.5856103399849488,0.9564310008365506,-0.3397871303026061,0.005594764963357507,-0.40520702808415043,0.39323080298921886,0.20391254124415403,-0.14111537150383935
2.5688716208331845,0.1789974640083628,0.826864225108902,1.869407805629658,0.0888993099443216,0.9730413463734991,0.6521102533287915,1.2232082585047244,-1.690537931088234,0.757155495767998
3.252042690769258,0.8989340419422621,-0.5920082485603786,0.4453134209344283,0.8179873186617783,0.3392265974592803,0.7919612209284889,-0.052481718408489364,0.023924987842268708,-0.3486008416663646
2.335521047717907,-0.7555753798900264,-0.14823904128914944,-0.27304716523348693,1.2975086066474273,0.06149806390967191,-1.5728435182973597,0.44901008597464664,-0.4483260830134854,0.04241030330954376
-2.2414850253692182,-0.3004573900591301,0.3712780044360114,-0.3058111688722476,-1.049644698438964,-0.2470467009196402,-0.1829213856109977,-0.6316670570158266,-0.2646168192863301,-0.39997252014228657
-1.218122773159089,1.1117728987750892,-0.34856775869922574,-0.878154682703045,-0.5384310575748648,-1.3917341217682604,-0.4688455915198919,0.9508386650623395,0.7992046014706269,0.2855134736171756
-2.6654508216519335,-1.7022810767856322,-0.4905353051504622,0.1950217879394709,0.002186782461940373,-0.3477331200324063,0.3137017116687193,0.6369723552629303,-0.47721404974390247,0.1425138339380192
1.464943429358521,-2.7955278268081707,0.6657502143710193,-1.3229276773262522,1.0189191876200516,-1.0315277972710748,2.5542348730630824,-1.3470572097763847,0.09783779447114149,-0.49710773725135327
-1.7938650968752419,-0.25509877167357553,-0.12634370329594014,-0.4299159548997298,2.136870539846373,-0.1817834501228892,0.7140944853694419,0.2930998908100224,0.05969056165213016,-0.052572720021238695
2.7213398441141123,0.5197171964683557,1.2547802758674695,-1.22235670405244,-1.6091087026783848,0.1413714617891094,-0.03244748229744654,2.1547173110325377,0.3780189148865465,0.9193125217298499
-1.8981127523215449,-0.37422861444106714,-1.255575383874811,0.8425679850684817,-0.9029524133925627,0.30825740690499276,0.22483552312916988,0.710420848442229,0.25448828443512816,-0.16811001058831865
1.5247460479080734,-1.5631532705959237,0.9742568737022822,-1.1281704503313714,1.1116147405465744,1.1220410744951743,0.33620812987988,-2.0158386560985466,0.6521450703216995,-0.03958471387383744
-2.8141655261972804,-1.6590966304038406,-0.5358244804940386,-0.03152369315355408,-0.44113738230137867,0.32757015659656824,0.4402975542368408,-0.6250800859465905,0.13470996862948903,0.10733327686057104
-1.7223553478705496,0.3927617797724372,-0.11616388012662748,0.5579966425209344,1.2768776987027561,-0.3466653230505926,-0.9642488531173752,0.9475019951870611,-0.3743052474714045,0.6869613867814168
-0.4870822877235703,2.5140710746549164,-1.3566943432389968,0.2680562281195171,-1.2975946328695134,-0.8135375692041562,0.832861438354211,0.0948238933225325,-0.19606538924219807,0.2889287934887519
-1.926349157429375,0.6119318054292615,0.9911189833172676,0.9155010654133227,0.3956075385460325,0.1813612336064347,-0.7197507902840252,0.9294626216050461,1.1433576325542802,-0.2968926669668768
-2.4318833129088655,-0.6511753368405939,0.19213841598534565,1.5036642481033042,1.197626628804094,0.06453292329905921,0.03272518904926214,-0.029226568241220052,-0.240199285367232,-0.052021227060834896
-2.2925649557775234,0.028765029188517532,0.1382778243384577,1.3516877533618716,0.5265745434021487,0.4599579897978295,-0.3293041468234392,-0.6161005476112248,0.6345687935438726,-0.007966442106075444
-2.8856636202352672,-2.209261009140994,-1.2002605970778717,0.7549250807672343,0.005030736343216047,0.14534486557727425,0.6450663498707367,0.010391686454999993,0.29307603612280975,0.20067509361057523
3.1793989234067794,0.33192159471089233,-1.6702532854944017,0.5647648314284295,-0.8356769692566781,-0.632291189843643,0.36394045352007065,-0.3539972300009322,-1.4376827346199539,-0.15820018270181202
-1.0627380770516117,1.267992338039579,-1.4021039622003681,0.8127646130881283,-1.043089359785243,-0.12439186048570217,1.6660321719303457,0.3048448011334124,1.2034620020629359,0.4990637811738521
-2.9697228462544123,-2.2197622105928616,0.1260362308691516,-0.2624130936064897,0.31986195538018247,-0.2305326769321785,1.3503698460825668,0.2561845104165803,-0.2195078738818096,0.03599307497245796
-2.0252539927270132,-0.9075044147899485,-1.7313295103485569,0.37705066298871714,-0.2950857191376475,-0.210386949254884,-0.5548763861260397,0.4570528197101631,-0.08626196744332837,-0.3780054290805994
-1.7554503322647683,1.1481336173917498,1.0648112777643886,-0.2935461880313217,-1.9171454329785813,-0.06607160644342946,-0.08134024883360591,0.7853999123528705,0.6084574568681911,0.12842481120720284
-1.0700902122426936,1.0598734859856251,-2.236726610036221,0.7335503333412867,0.7614313159682176,0.9369804571122629,-1.175049606407794,-0.23731524673524018,-0.7931801805326115,0.23553704054262603
-1.1951571471379947,1.3730252302389871,-1.4689223612555633,0.8090646159221593,0.031093314309470266,1.3671948323638132,-1.1401206357150901,-0.08276944021228894,0.5334815322475064,-0.5549175358848624
-2.0857570113317534,0.026505627441464785,0.30293116567218503,-0.4054298014595328,1.0566604471362873,0.6116683139271777,-0.6288495791580095,0.42906594664992537,0.44094682617338554,0.8278533050130445
-0.2541268492069646,2.921928458339477,0.37613968267189696,-1.1481536275520143,0.7675001134479358,-2.9603986033538634,-0.2356496091838376,0.9346039222040066,-0.8294836583666989,-0.5395913061866109
-1.1108487331205636,0.9281935828034894,-1.8921460984629932,-0.20710772320974202,0.5004608685147147,2.7610298170764187,0.7787620008871401,0.5338435483092423,-1.318640555702902,-0.37585582795221195
-1.2793681198147286,2.2843676249494784,-0.1549343326502688,0.2673590760402367,-0.7311902458278938,1.1666812572874674,-1.0013203158816448,-1.7489667669768096,0.008456937435502576,-0.3905913326649706
-1.883878484715762,0.22748895682086967,0.42853208927150366,-1.2340993971593166,-1.0909245156093375,0.26954547453788164,-0.18991881805913513,1.5839255603951439,-0.3555859860982453,0.15411998570256302
-0.11935346295387728,2.6399807716265236,-1.6863604149958582,0.5877869357316987,1.1725430365405252,-0.3002691273805438,1.1857276823069216,-0.10671510594474065,-0.6693378912617882,-0.5751215180249334
2.918647536073263,0.4510496832459342,-0.5037854048985173,0.48841538987146516,1.1413058565686296,-0.9026981518781723,-1.3223426060483192,-0.9490660141264404,-0.5283150847932894,0.6461617071038714
1.7528188937199154,-1.4748963538288593,0.0938497091130801,1.255067888316804,1.074024763581986,0.13789022077549204,-0.7948499638690756,-0.021020510556674754,-0.06317673083981767,-0.5528990998034133
-2.327488053949827,-0.4095120628461091,0.5716992166469415,-0.3373788578544461,-0.6325807195067927,-0.7657327573725667,0.16114874856710437,-0.42802853917278805,-0.4866693036748022,0.8410679880550778
-2.5534525821484033,-1.0765741362603967,0.40023335922491104,0.5759823506965258,-0.5266874178670129,-0.7026038090708812,0.52986194879618,-0.6210799079808701,-0.9137064172890852,-0.32612598713889973
-2.58416957233655,-1.5138098168042342,-0.5704680395636901,0.14858566388878103,-0.28852753743563087,-0.0898059944008539,0.31818123664883124,-0.7421008798745578,-0.879591524689845,-0.3393823352186278
-2.6100913528521428,-0.887778153346287,0.6982828656752986,0.5768566266739481,-0.5724466766229304,-0.9987442404025717,0.5212906799961718,-0.4329832270043801,-1.029676275383672,0.02949939079541064
-2.130003672994996,-0.33558398741804574,-0.22017990663902243,0.7217503498574742,-0.6715507094321325,-0.9675520186354285,-0.32044948543640217,0.9322528748280243,0.11582268772593807,0.06447677353149572
-1.1132047380780121,1.3088544606130141,-0.2671610569716578,-1.8821007494850122,-0.9211403435105285,0.45168657809343765,2.048462564062387,-1.1426823304404519,-0.42070537643192474,-0.16773733126209733
-1.5902184659538916,0.4094370205817328,-2.105878283075106,-0.9187458736901963,-1.0734922076411586,0.21784848124462164,-1.7767447166655412,-0.7517717858068967,-0.7127492690124485,-0.16219324316343764
-0.6198015910161709,1.8138003260215942,-2.817490954755099,-0.4952729857489806,-0.9617206832214333,-0.9497491104047491,-1.8804808406628875,-1.1414413328537683,-0.544835922828002,-0.254696037323356
1.6601585560795478,-1.7837829006948875,-0.8486004022333135,1.3711754693900304,-1.3626658040983068,0.7068092979259181,-0.11194749952696426,-0.20238241220253972,0.8488473346187035,-0.12903713115896753
-1.0158208660782146,1.1509379744709718,-1.6741671210039968,1.3883450316273582,1.1801218513554546,-0.1203461370771679,-0.10639139676304032,-0.29424445587431136,-1.016461735015206,-0.008674605481926001
1.9868342660215639,-1.4794195811087723,-0.33532187223448995,0.443696746175533,-1.0439019800075942,0.886683742725825,0.9479112173460392,1.1419682996487035,0.33781780814184836,-0.19301679529786542
-1.9147267887615032,0.598263582531952,0.18439473278043916,-0.57861603290733,0.23165807197594201,1.2652229744909427,-1.1885170066771262,-0.9895676547434435,0.04322240614353312,-0.406159577203816
1.4042383447156306,-0.9662003711797067,-1.9262919061118775,-0.13191731615953484,-0.23086794193727644,-0.5426886338674834,-0.6619583761810925,-0.5234782726823404,0.5289313812359193,-0.10456930578487089
2.9445388045540932,0.041700016630646264,-1.0441732274134763,-1.0274011779116932,-0.6599472042044414,-0.566831534834936,-0.579967855033541,0.25211876297711266,-0.588431544341782,-0.12387057113651068
2.674535262362439,0.02646226499934823,-1.0020130094888398,0.4500703371230923,-1.5323711945472427,-0.2548584686628589,-1.3287547776206095,-0.43080805781814513,-0.523413146582032,0.26155046304300567
-2.0242421731307663,0.4771813839819665,0.40835557326881006,1.1662657552569828,0.7273733329687093,-0.2106251061932849,-0.17777611672075233,-0.48160906774212764,0.05440536512503047,-0.2403263384337
-2.0115595025703934,-0.6906395825898528,-0.3780288382098449,1.172170547429852,0.16551697221850037,-1.6135034421241532,1.1178747716689075,0.480546017610455,0.5153790733276937,0.30105907415153044
-2.496290912326514,-1.3973743427592291,-0.5597834949111604,-0.10046712737653785,0.004888227472646944,-0.3567349612694426,0.28916540366359267,0.41718513308531757,-0.010787412948945141,0.9779439514447692
-1.3184858494341274,1.098987815388079,-1.9192817292262632,0.7150159230572046,-1.8445431478832308,1.025671945098935,0.21923633900989792,0.19839644460481498,0.695723483471536,0.08405176405459613
-1.0001834906693654,2.0589476083984932,-0.9137806343617173,-1.6144472349942873,-0.5815556343017354,0.11544226984712866,-1.6358765835609328,-0.7831190067558159,0.8290643002392233,0.21259786460240782
-1.6383342116789694,1.6201575335291025,1.3839299124845152,-1.0190252814254745,-0.2717074307982943,0.758808267424271,-1.5550753287234687,-0.5425653361860219,0.17103171827616093,-0.582461225792158
1.424319351035101,-1.6879138773525422,0.658518014089876,-0.043510170042410756,-1.268569807218093,-0.04653050137059922,-0.5669989105955957,-1.3837138214745708,-0.2126511417790209,-0.45676590184597154
-1.9406308754496484,-0.3650891420007243,-1.0007170675471002,0.2574570001125982,-0.42051539742738964,-0.24307180294882302,0.6625591676852736,0.10516925887977435,-0.8037059383921014,0.8740233877282895
-1.6135553376223486,1.8091559314459391,1.301402458726511,0.8828362745853284,-0.5517538858452884,1.0988576846039133,0.5563901797472732,-0.40097467050800084,-0.9620899324272837,0.22183471565980417
-2.272756125535459,0.0889792464073007,1.4210217193024945,-1.7531949515015168,-1.0779127498351768,-0.22068320072913794,0.2935807922131375,-0.5887018683363356,0.20244928592964517,-0.2742346984646389
-2.461356092277654,-1.3370436655074998,-0.39524254947371107,0.18745566711958794,-0.3095230214269846,-0.19650888010167278,0.15301660368249226,0.36539320590627167,-0.11523700441792128,-0.2459991022176249
-0.21466181683484198,2.164036070755685,-1.8840038320570458,-1.5533318731140804,1.6268667509492227,0.19171139037724555,0.19009576312460386,0.4947743250563825,0.5612902382346461,-0.7573749854255569
1.4726174173368936,-0.6494562935355206,-0.3913630061478496,0.570812379030369,0.1602308934981076,-2.2961117265368696,-0.024314783632750858,0.11390713658586704,-1.1446226926561898,-0.20196295769127026
-1.5533348931946627,-0.20197239356919683,-1.2588901735404798,-0.5034748006501886,-0.001116334709057254,-0.7035192638755027,-0.1932753058616241,0.8208571009739019,0.4639122274434324,0.25449750092776857
1.5739641667390147,-0.26200696908362975,-0.8346602899816086,-0.9106499446485643,-0.6287827138958195,-0.062321954828270576,0.5117512547315506,-0.5433884885320206,0.18496381749019664,0.052323110771254955
1.19191368648434,-2.7785091284727095,1.1530873829652737,0.038833490839076834,-0.2628802075279182,-0.5047214175924568,-0.3798173235148785,1.9028839571821874,-0.12079120846465152,-0.057262718849650174
-2.282976164512271,-1.3016973271772714,-0.8656093849979744,-0.6724959036269071,-0.10833895522218628,0.018769300169940356,-0.3782658823172471,0.6648439096568572,-0.7199295899168707,-0.32198939502533763
2.6835850057581077,0.1334428528721362,-0.06465595104843413,-0.16462915882669749,0.5847289400854985,0.7623445684825493,-0.6404482675277352,0.5017410153343762,0.46297754530678215,-0.9423448297350623
1.807096468151272,0.9365837364742478,0.6934244869864382,-0.9254837074113509,0.6500257873555986,-0.17476785775959008,-1.20188348676514,0.575081725385941,0.8942182204719524,-1.1324466777045799
2.902824986602349,-0.014313653976660401,-0.43367344404503094,0.6836398075051946,-0.6481145062566105,-1.0574762911788587,0.8230121404591461,0.5436089900989256,-1.6462480804780562,0.03033116601622221
-1.1353497326663722,0.8709502332133469,-2.7174955331893456,-1.2450212219954615,-0.6540435226280525,-0.005765050933936089,-0.9750457234341672,-0.4360833105796764,1.6164885315116282,0.21902347559281887
-1.8396558172187225,0.2998692788662267,0.2126537875092266,-1.451830190774084,-1.4586469918298182,1.4863946145887967,1.3783830450011847,-0.45058197678261913,-0.4456826223996798,-0.37274160527824773
1.762117718865813,-0.33056441095079947,2.8466828786803005,-1.934564925705708,0.16953753164428975,0.8194187225084427,-1.0642305802684457,-0.9124015630781751,-0.06192942821106051,0.23765157743498455
-1.3852173313024903,2.0145839536869086,0.8923942921517276,0.13847954633018644,-0.20939605740672818,0.5365285877105155,-0.6427585668326383,0.0500285647233194,0.21761198459133912,0.8084513905733501
-2.2265284277446913,-0.9309501571407273,-0.37933686235872854,-0.528568629912137,0.05792945278267214,-0.7948371495685442,-0.15495512874136907,0.7053716034962147,-1.0193714565831802,0.8693132590804062
-1.8571353590544417,0.8611183458663116,1.440750587007297,-0.687191070580702,0.12207675271370277,1.2823019938575695,-0.23718996057834052,0.35418860872993485,-0.41319136241876764,-0.30203453871034847
-1.475773959739982,0.41506453528032683,-1.5992665262812857,-0.705868135461497,-0.5140745117806866,-0.5923695284094946,-1.0058492202749736,0.3907424487008173,0.30027668829140874,0.5597970511048036
2.73865078489899,-0.15001368896282186,-0.6585805576980961,1.2628669006591182,-0.5241114525318642,-1.5731651326006393,1.286894180284148,-0.8062628815113976,0.5618322208703657,-0.3605359564187953
-2.4318571167272633,-0.9975112091176768,0.3425402667403361,0.212432328079327,-0.5341743639319625,-0.4483983064134156,0.2202591552101294,0.5870396998991116,0.10994431986675379,-0.2221512475559455
2.6098482741263496,-0.368237718148801,-1.0129592640552398,-0.20711100544239214,0.32982166579698924,-0.007327562138459864,-0.18131776477314543,0.17549011501653067,0.11898932156378028,0.23783199497957552
-2.8440826288014516,-2.2079764275468685,-0.16842957998070474,-0.5023237950604509,0.14271860883466658,0.16637948997219784,0.5984257237927628,0.22584419706126457,-0.7888566264484782,-0.20271891649472318
1.8996557586537763,-1.1557467648237885,0.47054742512961156,-0.33238970729716044,-1.4864395396075034,0.636683226397835,-0.77344912150593,1.3188971540054606,0.5759551838392367,-0.09915025802792532
2.738258444535866,1.713904547864226,-1.1495230863619685,0.7873313197552081,0.25553296780975354,-0.4636947826860085,2.969831442118374,-0.4554161651169135,0.3229394646943331,0.35274259158130694
2.3507500017318215,1.6197128979240418,0.6070828285858706,-1.0800555168966859,0.8185061960964946,0.25110178926366533,0.4676437382307498,1.6691175087033128,-0.11594880710340716,0.2428969706016153
1.531580017509052,-1.7745698724625854,0.2973784191168489,-0.736023920713718,-0.9390101779944535,0.15553003437075005,-0.5497318667003923,-1.3225525103052649,0.10290604740706688,0.3764322481736859
1.2420232011736116,-1.6317929028604303,1.5270620340503522,0.011875836338296475,0.3114260433880207,1.2811675204135589,-0.8718406187030121,-0.8813383420281092,0.2999378013067726,-0.3046583095678548
-2.191411435077327,-0.5126341222944288,-0.0393016415738322,-0.5612944326404276,-0.5690923908746444,-0.22260353922999032,0.24681169095329047,-0.9713768606424694,0.4418767576612226,1.3520812640282796
2.1391448708620793,-0.15089809271009758,1.2852724758793768,-0.9210403298840306,0.3135763807560763,0.6755046450154422,-1.4484031815844631,-0.22627846040303168,0.9081841675235081,0.21005634120200978
-2.096251309153847,0.4035296631590328,1.1313718535273725,0.28826069750488537,-0.9849475673210655,-1.453129605889722,0.7826315445150913,-0.8504408886026971,0.023329815285351163,-0.3732696538542688
1.4580028816717086,-1.5928530264421137,-1.9113130156332532,-1.0402298696708994,1.0907599903002596,-1.098776959067581,0.5230575050510793,0.2403836309952765,0.38171271653536065,0.4939160871506505
3.307733551905068,0.8465179423967574,-0.5376517501618727,-0.8444109947680716,0.9054856942773817,0.958213687663606,0.9227229023132925,0.7204029935479985,0.9212696041114365,-1.4033600108632673
-1.5145653540009008,0.44660432072225376,-1.6489756853177964,-0.38135213751220975,-0.8457679275516414,-0.32559212558286066,-1.3434766727415408,0.24809467295721355,0.6394741810812954,0.6334100578790209
-2.8622656192637486,-2.2238564579765443,-0.3100937288117096,-0.9002666728730542,-0.011637942947895663,0.6799393277717143,0.47714965099764184,0.25799523761307475,-0.05557839695736444,-0.1693189247304694
2.434679908168288,1.5491978469119523,-0.7451013610993674,-1.2866069446747654,0.3051673144578342,1.3021345263221304,-1.4013846684148723,1.0226707771728916,-1.543724479363395,0.2653583230197365
2.153855679605029,-0.8166960192810091,-0.356523381270075,-0.07484523805301402,-0.891357480716404,-0.9070862329815994,-1.6204676567464953,0.18100114324194494,-0.28103674650523014,0.6101685386542979
1.3764009663315662,-2.262322543101477,0.1517731126770958,-0.29289299220973497,-0.31274985684155676,-0.44983698175173337,0.517352651142489,-2.465741877698441,-1.099330626891369,0.09360617435399221
3.2553630962647233,0.5996096117012945,-0.8059009734251562,-1.5334122953138285,-0.8796237064532173,0.25352780585867873,0.9604349606055698,0.6865692635189786,1.0207227324626762,-0.12093127655800662
2.5968064405933164,-1.0370979348911908,-1.9976193621813794,-1.24857070925276,-0.4744328999135601,0.5859927855561426,-0.9160631188500676,0.4366621356129452,-0.15493903968783884,0.09332794426638569
-2.0448947500486296,0.5843448812354636,0.8630222062142657,-0.06171368149244305,0.3145270809344083,1.2291078438605412,0.2724380498231458,-0.36040472042865646,0.24463884669658764,0.949757738006791
-2.526632821497808,-1.7500718328692302,-0.22409769703806726,-0.7972776977431959,0.11611773921919188,0.002597888236945012,0.04248843968089444,1.3238748562717837,-0.5078911706321566,-0.19479212819208924
